{
    "_allocate_inputs": 4,
    "_allocate_outputs": 4,
    "cli_parameters": "analyze --name network_1691832951777 -m C:/Users/prana/Downloads/RPY_mpu.tflite --type tflite --compression none --verbosity 1 --workspace C:\\Users\\prana\\AppData\\Local\\Temp\\mxAI_workspace188560857671001732680851857351457 --output C:\\Users\\prana\\.stm32cubemx\\network_output --allocate-inputs --series stm32f4 --allocate-outputs",
    "cli_version": {
        "major": 1,
        "micro": 0,
        "minor": 7
    },
    "cli_version_str": "1.7.0",
    "compression": {
        "factor": null,
        "layers": {}
    },
    "date_time": "Sat Aug 12 15:06:01 2023",
    "error": 0,
    "error_str": [],
    "exec_cmd": "analyze",
    "exec_duration": 0.0,
    "hash": "2e228f3661edb715db39acbd669fe4ee",
    "inputs": [
        "serving_default_dense_input0"
    ],
    "layers": [
        {
            "c_id": [
                0,
                1
            ],
            "extras": {
                "n_macc": 0,
                "n_params": 0,
                "psize": 0,
                "rom_output": {
                    "c_size": 12,
                    "fmt": {
                        "format": "float"
                    },
                    "shape": [
                        1,
                        1,
                        3,
                        1
                    ]
                },
                "rom_size": 128
            },
            "id": 0,
            "inputs": [],
            "name": "serving_default_dense_input0",
            "original": "",
            "type": "Input"
        },
        {
            "c_id": [],
            "extras": {
                "n_macc": 32,
                "n_params": 32,
                "psize": 128,
                "rom_output": {
                    "c_size": 32,
                    "fmt": {
                        "format": "float"
                    },
                    "shape": [
                        1,
                        1,
                        8,
                        1
                    ]
                },
                "rom_size": 0
            },
            "id": 0,
            "inputs": [
                "serving_default_dense_input0"
            ],
            "name": "dense_0",
            "original": "FULLY_CONNECTED",
            "type": "Dense"
        },
        {
            "c_id": [],
            "extras": {
                "n_macc": 8,
                "n_params": 0,
                "psize": 0,
                "rom_output": {
                    "c_size": 32,
                    "fmt": {
                        "format": "float"
                    },
                    "shape": [
                        1,
                        1,
                        8,
                        1
                    ]
                },
                "rom_size": 0
            },
            "id": 0,
            "inputs": [
                "dense_0"
            ],
            "name": "nl_0_nl",
            "original": "FULLY_CONNECTED",
            "type": "Nonlinearity"
        },
        {
            "c_id": [
                2,
                3
            ],
            "extras": {
                "n_macc": 90,
                "n_params": 90,
                "psize": 360,
                "rom_output": {
                    "c_size": 40,
                    "fmt": {
                        "format": "float"
                    },
                    "shape": [
                        1,
                        1,
                        10,
                        1
                    ]
                },
                "rom_size": 360
            },
            "id": 1,
            "inputs": [
                "nl_0_nl"
            ],
            "name": "dense_1",
            "original": "FULLY_CONNECTED",
            "type": "Dense"
        },
        {
            "c_id": [],
            "extras": {
                "n_macc": 10,
                "n_params": 0,
                "psize": 0,
                "rom_output": {
                    "c_size": 40,
                    "fmt": {
                        "format": "float"
                    },
                    "shape": [
                        1,
                        1,
                        10,
                        1
                    ]
                },
                "rom_size": 0
            },
            "id": 1,
            "inputs": [
                "dense_1"
            ],
            "name": "nl_1_nl",
            "original": "FULLY_CONNECTED",
            "type": "Nonlinearity"
        },
        {
            "c_id": [
                4,
                5
            ],
            "extras": {
                "n_macc": 110,
                "n_params": 110,
                "psize": 440,
                "rom_output": {
                    "c_size": 40,
                    "fmt": {
                        "format": "float"
                    },
                    "shape": [
                        1,
                        1,
                        10,
                        1
                    ]
                },
                "rom_size": 440
            },
            "id": 2,
            "inputs": [
                "nl_1_nl"
            ],
            "name": "dense_2",
            "original": "FULLY_CONNECTED",
            "type": "Dense"
        },
        {
            "c_id": [],
            "extras": {
                "n_macc": 10,
                "n_params": 0,
                "psize": 0,
                "rom_output": {
                    "c_size": 40,
                    "fmt": {
                        "format": "float"
                    },
                    "shape": [
                        1,
                        1,
                        10,
                        1
                    ]
                },
                "rom_size": 0
            },
            "id": 2,
            "inputs": [
                "dense_2"
            ],
            "name": "nl_2_nl",
            "original": "FULLY_CONNECTED",
            "type": "Nonlinearity"
        },
        {
            "c_id": [
                6,
                7
            ],
            "extras": {
                "n_macc": 110,
                "n_params": 110,
                "psize": 440,
                "rom_output": {
                    "c_size": 40,
                    "fmt": {
                        "format": "float"
                    },
                    "shape": [
                        1,
                        1,
                        10,
                        1
                    ]
                },
                "rom_size": 440
            },
            "id": 3,
            "inputs": [
                "nl_2_nl"
            ],
            "name": "dense_3",
            "original": "FULLY_CONNECTED",
            "type": "Dense"
        },
        {
            "c_id": [],
            "extras": {
                "n_macc": 10,
                "n_params": 0,
                "psize": 0,
                "rom_output": {
                    "c_size": 40,
                    "fmt": {
                        "format": "float"
                    },
                    "shape": [
                        1,
                        1,
                        10,
                        1
                    ]
                },
                "rom_size": 0
            },
            "id": 3,
            "inputs": [
                "dense_3"
            ],
            "name": "nl_3_nl",
            "original": "FULLY_CONNECTED",
            "type": "Nonlinearity"
        },
        {
            "c_id": [
                8
            ],
            "extras": {
                "n_macc": 44,
                "n_params": 44,
                "psize": 176,
                "rom_output": {
                    "c_size": 16,
                    "fmt": {
                        "format": "float"
                    },
                    "shape": [
                        1,
                        1,
                        4,
                        1
                    ]
                },
                "rom_size": 176
            },
            "id": 4,
            "inputs": [
                "nl_3_nl"
            ],
            "name": "dense_4",
            "original": "FULLY_CONNECTED",
            "type": "Dense"
        },
        {
            "c_id": [
                9
            ],
            "extras": {
                "n_macc": 60,
                "n_params": 0,
                "psize": 0,
                "rom_output": {
                    "c_size": 16,
                    "fmt": {
                        "format": "float"
                    },
                    "shape": [
                        1,
                        1,
                        4,
                        1
                    ]
                },
                "rom_size": 0
            },
            "id": 5,
            "inputs": [
                "dense_4"
            ],
            "name": "nl_5",
            "original": "SOFTMAX",
            "type": "Nonlinearity"
        }
    ],
    "model_files": [
        "C:\\Users\\prana\\Downloads\\RPY_mpu.tflite"
    ],
    "model_n_params": 386,
    "model_name": "RPY_mpu",
    "model_size": 1544,
    "model_type": "tflite",
    "name": "network_1691832951777",
    "outputs": [
        "nl_5"
    ],
    "ram_io_size": [
        12,
        16
    ],
    "ram_size": [
        80,
        80
    ],
    "report_version": 1.1,
    "rom_cfact": 1.0,
    "rom_heap_inspector": 2048,
    "rom_inputs": [
        {
            "c_size": 12,
            "c_type": "float",
            "name": "serving_default_dense_input0"
        }
    ],
    "rom_n_macc": 484,
    "rom_outputs": [
        {
            "c_size": 16,
            "c_type": "float",
            "name": "nl_5"
        }
    ],
    "rom_size": 1544,
    "strategy": "heap_overlay",
    "tools_api_version": {
        "major": 1,
        "micro": 0,
        "minor": 7
    },
    "tools_version": {
        "extra": "19389",
        "major": 8,
        "micro": 0,
        "minor": 0
    },
    "val_error": -1.0,
    "val_error_desc": "None (None) #-1",
    "val_metrics": []
}