{
    "outputs": ["nl_5_output"],
    "c_layers": [
        {
            "next": "nl_0_nl",
            "rom": 128,
            "op_by_type": {"smul_f32_f32": 32},
            "c_forward": "forward_dense",
            "c_code_emit": true,
            "macc": 32,
            "name": "dense_0",
            "c_id": 0,
            "tensors": {
                "outputs": ["dense_0_output"],
                "inputs": ["serving_default_dense_input0_output"],
                "scratchs": [],
                "weights": [
                    "dense_0_weights",
                    "dense_0_bias"
                ]
            },
            "weight_sparsity": [
                0,
                32,
                0
            ],
            "layer_type": "dense",
            "m_id": 0
        },
        {
            "next": "dense_1",
            "rom": 0,
            "op_by_type": {"op_f32_f32": 8},
            "c_forward": "forward_relu",
            "c_code_emit": true,
            "macc": 8,
            "name": "nl_0_nl",
            "c_id": 1,
            "tensors": {
                "outputs": ["nl_0_nl_output"],
                "inputs": ["dense_0_output"],
                "scratchs": [],
                "weights": []
            },
            "weight_sparsity": [
                0,
                0,
                0
            ],
            "layer_type": "nl",
            "m_id": 0
        },
        {
            "next": "nl_1_nl",
            "rom": 360,
            "op_by_type": {"smul_f32_f32": 90},
            "c_forward": "forward_dense",
            "c_code_emit": true,
            "macc": 90,
            "name": "dense_1",
            "c_id": 2,
            "tensors": {
                "outputs": ["dense_1_output"],
                "inputs": ["nl_0_nl_output"],
                "scratchs": [],
                "weights": [
                    "dense_1_weights",
                    "dense_1_bias"
                ]
            },
            "weight_sparsity": [
                0,
                90,
                0
            ],
            "layer_type": "dense",
            "m_id": 1
        },
        {
            "next": "dense_2",
            "rom": 0,
            "op_by_type": {"op_f32_f32": 10},
            "c_forward": "forward_relu",
            "c_code_emit": true,
            "macc": 10,
            "name": "nl_1_nl",
            "c_id": 3,
            "tensors": {
                "outputs": ["nl_1_nl_output"],
                "inputs": ["dense_1_output"],
                "scratchs": [],
                "weights": []
            },
            "weight_sparsity": [
                0,
                0,
                0
            ],
            "layer_type": "nl",
            "m_id": 1
        },
        {
            "next": "nl_2_nl",
            "rom": 440,
            "op_by_type": {"smul_f32_f32": 110},
            "c_forward": "forward_dense",
            "c_code_emit": true,
            "macc": 110,
            "name": "dense_2",
            "c_id": 4,
            "tensors": {
                "outputs": ["dense_2_output"],
                "inputs": ["nl_1_nl_output"],
                "scratchs": [],
                "weights": [
                    "dense_2_weights",
                    "dense_2_bias"
                ]
            },
            "weight_sparsity": [
                0,
                110,
                0
            ],
            "layer_type": "dense",
            "m_id": 2
        },
        {
            "next": "dense_3",
            "rom": 0,
            "op_by_type": {"op_f32_f32": 10},
            "c_forward": "forward_relu",
            "c_code_emit": true,
            "macc": 10,
            "name": "nl_2_nl",
            "c_id": 5,
            "tensors": {
                "outputs": ["nl_2_nl_output"],
                "inputs": ["dense_2_output"],
                "scratchs": [],
                "weights": []
            },
            "weight_sparsity": [
                0,
                0,
                0
            ],
            "layer_type": "nl",
            "m_id": 2
        },
        {
            "next": "nl_3_nl",
            "rom": 440,
            "op_by_type": {"smul_f32_f32": 110},
            "c_forward": "forward_dense",
            "c_code_emit": true,
            "macc": 110,
            "name": "dense_3",
            "c_id": 6,
            "tensors": {
                "outputs": ["dense_3_output"],
                "inputs": ["nl_2_nl_output"],
                "scratchs": [],
                "weights": [
                    "dense_3_weights",
                    "dense_3_bias"
                ]
            },
            "weight_sparsity": [
                0,
                110,
                0
            ],
            "layer_type": "dense",
            "m_id": 3
        },
        {
            "next": "dense_4",
            "rom": 0,
            "op_by_type": {"op_f32_f32": 10},
            "c_forward": "forward_relu",
            "c_code_emit": true,
            "macc": 10,
            "name": "nl_3_nl",
            "c_id": 7,
            "tensors": {
                "outputs": ["nl_3_nl_output"],
                "inputs": ["dense_3_output"],
                "scratchs": [],
                "weights": []
            },
            "weight_sparsity": [
                0,
                0,
                0
            ],
            "layer_type": "nl",
            "m_id": 3
        },
        {
            "next": "nl_5",
            "rom": 176,
            "op_by_type": {"smul_f32_f32": 44},
            "c_forward": "forward_dense",
            "c_code_emit": true,
            "macc": 44,
            "name": "dense_4",
            "c_id": 8,
            "tensors": {
                "outputs": ["dense_4_output"],
                "inputs": ["nl_3_nl_output"],
                "scratchs": [],
                "weights": [
                    "dense_4_weights",
                    "dense_4_bias"
                ]
            },
            "weight_sparsity": [
                0,
                44,
                0
            ],
            "layer_type": "dense",
            "m_id": 4
        },
        {
            "next": "nl_5",
            "rom": 0,
            "op_by_type": {"op_f32_f32": 60},
            "c_forward": "forward_sm",
            "c_code_emit": true,
            "macc": 60,
            "name": "nl_5",
            "c_id": 9,
            "tensors": {
                "outputs": ["nl_5_output"],
                "inputs": ["dense_4_output"],
                "scratchs": [],
                "weights": []
            },
            "weight_sparsity": [
                0,
                0,
                0
            ],
            "layer_type": "nl",
            "m_id": 5
        }
    ],
    "data_alignment": 4,
    "compilation_options": {
        "optimization": "balanced",
        "options": [
            "allocate-inputs",
            "allocate-outputs"
        ],
        "compression": "none",
        "target": "stm32f4"
    },
    "inputs": ["serving_default_dense_input0_output"],
    "macc": 484,
    "c_weights_header": 0,
    "activations_alignment": 4,
    "c_nodes_n": 10,
    "c_tensors_n": 21,
    "type": "tflite",
    "c_arrays": [
        {
            "mem_pool": "activations",
            "offset": 28,
            "is_const": false,
            "format": "float32",
            "n_items": 3,
            "tensors": [{
                "shape": [
                    1,
                    1,
                    1,
                    3
                ],
                "name": "serving_default_dense_input0_output"
            }],
            "raw_fmt": "(FLOAT, 32 bit, C Size: 32 bits)",
            "c_mem_pool": "**default**",
            "padded": true,
            "size": 3,
            "c_type": "float",
            "name": "serving_default_dense_input0_output_array",
            "c_id": 0,
            "c_bits": 32,
            "c_size_in_byte": 12,
            "io_type": "input"
        },
        {
            "mem_pool": "activations",
            "offset": 40,
            "is_const": false,
            "format": "float32",
            "n_items": 8,
            "tensors": [{
                "shape": [
                    1,
                    1,
                    1,
                    8
                ],
                "name": "dense_0_output"
            }],
            "raw_fmt": "(FLOAT, 32 bit, C Size: 32 bits)",
            "c_mem_pool": "**default**",
            "padded": true,
            "size": 8,
            "c_type": "float",
            "name": "dense_0_output_array",
            "c_id": 1,
            "c_bits": 32,
            "c_size_in_byte": 32
        },
        {
            "mem_pool": "activations",
            "offset": 40,
            "is_const": false,
            "format": "float32",
            "n_items": 8,
            "tensors": [{
                "shape": [
                    1,
                    1,
                    1,
                    8
                ],
                "name": "nl_0_nl_output"
            }],
            "raw_fmt": "(FLOAT, 32 bit, C Size: 32 bits)",
            "c_mem_pool": "**default**",
            "padded": true,
            "size": 8,
            "c_type": "float",
            "name": "nl_0_nl_output_array",
            "c_id": 2,
            "c_bits": 32,
            "c_size_in_byte": 32
        },
        {
            "mem_pool": "activations",
            "offset": 0,
            "is_const": false,
            "format": "float32",
            "n_items": 10,
            "tensors": [{
                "shape": [
                    1,
                    1,
                    1,
                    10
                ],
                "name": "dense_1_output"
            }],
            "raw_fmt": "(FLOAT, 32 bit, C Size: 32 bits)",
            "c_mem_pool": "**default**",
            "padded": true,
            "size": 10,
            "c_type": "float",
            "name": "dense_1_output_array",
            "c_id": 3,
            "c_bits": 32,
            "c_size_in_byte": 40
        },
        {
            "mem_pool": "activations",
            "offset": 0,
            "is_const": false,
            "format": "float32",
            "n_items": 10,
            "tensors": [{
                "shape": [
                    1,
                    1,
                    1,
                    10
                ],
                "name": "nl_1_nl_output"
            }],
            "raw_fmt": "(FLOAT, 32 bit, C Size: 32 bits)",
            "c_mem_pool": "**default**",
            "padded": true,
            "size": 10,
            "c_type": "float",
            "name": "nl_1_nl_output_array",
            "c_id": 4,
            "c_bits": 32,
            "c_size_in_byte": 40
        },
        {
            "mem_pool": "activations",
            "offset": 40,
            "is_const": false,
            "format": "float32",
            "n_items": 10,
            "tensors": [{
                "shape": [
                    1,
                    1,
                    1,
                    10
                ],
                "name": "dense_2_output"
            }],
            "raw_fmt": "(FLOAT, 32 bit, C Size: 32 bits)",
            "c_mem_pool": "**default**",
            "padded": true,
            "size": 10,
            "c_type": "float",
            "name": "dense_2_output_array",
            "c_id": 5,
            "c_bits": 32,
            "c_size_in_byte": 40
        },
        {
            "mem_pool": "activations",
            "offset": 0,
            "is_const": false,
            "format": "float32",
            "n_items": 10,
            "tensors": [{
                "shape": [
                    1,
                    1,
                    1,
                    10
                ],
                "name": "nl_2_nl_output"
            }],
            "raw_fmt": "(FLOAT, 32 bit, C Size: 32 bits)",
            "c_mem_pool": "**default**",
            "padded": true,
            "size": 10,
            "c_type": "float",
            "name": "nl_2_nl_output_array",
            "c_id": 6,
            "c_bits": 32,
            "c_size_in_byte": 40
        },
        {
            "mem_pool": "activations",
            "offset": 40,
            "is_const": false,
            "format": "float32",
            "n_items": 10,
            "tensors": [{
                "shape": [
                    1,
                    1,
                    1,
                    10
                ],
                "name": "dense_3_output"
            }],
            "raw_fmt": "(FLOAT, 32 bit, C Size: 32 bits)",
            "c_mem_pool": "**default**",
            "padded": true,
            "size": 10,
            "c_type": "float",
            "name": "dense_3_output_array",
            "c_id": 7,
            "c_bits": 32,
            "c_size_in_byte": 40
        },
        {
            "mem_pool": "activations",
            "offset": 0,
            "is_const": false,
            "format": "float32",
            "n_items": 10,
            "tensors": [{
                "shape": [
                    1,
                    1,
                    1,
                    10
                ],
                "name": "nl_3_nl_output"
            }],
            "raw_fmt": "(FLOAT, 32 bit, C Size: 32 bits)",
            "c_mem_pool": "**default**",
            "padded": true,
            "size": 10,
            "c_type": "float",
            "name": "nl_3_nl_output_array",
            "c_id": 8,
            "c_bits": 32,
            "c_size_in_byte": 40
        },
        {
            "mem_pool": "activations",
            "offset": 40,
            "is_const": false,
            "format": "float32",
            "n_items": 4,
            "tensors": [{
                "shape": [
                    1,
                    1,
                    1,
                    4
                ],
                "name": "dense_4_output"
            }],
            "raw_fmt": "(FLOAT, 32 bit, C Size: 32 bits)",
            "c_mem_pool": "**default**",
            "padded": true,
            "size": 4,
            "c_type": "float",
            "name": "dense_4_output_array",
            "c_id": 9,
            "c_bits": 32,
            "c_size_in_byte": 16
        },
        {
            "mem_pool": "activations",
            "offset": 0,
            "is_const": false,
            "format": "float32",
            "n_items": 4,
            "tensors": [{
                "shape": [
                    1,
                    1,
                    1,
                    4
                ],
                "name": "nl_5_output"
            }],
            "raw_fmt": "(FLOAT, 32 bit, C Size: 32 bits)",
            "c_mem_pool": "**default**",
            "padded": true,
            "size": 4,
            "c_type": "float",
            "name": "nl_5_output_array",
            "c_id": 10,
            "c_bits": 32,
            "c_size_in_byte": 16,
            "io_type": "output"
        },
        {
            "mem_pool": "weights",
            "offset": 0,
            "is_const": true,
            "format": "float32",
            "n_items": 24,
            "tensors": [{
                "shape": [
                    3,
                    1,
                    1,
                    8
                ],
                "name": "dense_0_weights"
            }],
            "zeros": 0,
            "raw_fmt": "(FLOAT, 32 bit, C Size: 32 bits)",
            "c_mem_pool": "weights",
            "padded": true,
            "size": 24,
            "c_type": "const float",
            "name": "dense_0_weights_array",
            "c_id": 11,
            "c_bits": 32,
            "c_size_in_byte": 96
        },
        {
            "mem_pool": "weights",
            "offset": 96,
            "is_const": true,
            "format": "float32",
            "n_items": 8,
            "tensors": [{
                "shape": [
                    1,
                    1,
                    1,
                    8
                ],
                "name": "dense_0_bias"
            }],
            "zeros": 0,
            "raw_fmt": "(FLOAT, 32 bit, C Size: 32 bits)",
            "c_mem_pool": "weights",
            "padded": true,
            "size": 8,
            "c_type": "const float",
            "name": "dense_0_bias_array",
            "c_id": 12,
            "c_bits": 32,
            "c_size_in_byte": 32
        },
        {
            "mem_pool": "weights",
            "offset": 128,
            "is_const": true,
            "format": "float32",
            "n_items": 80,
            "tensors": [{
                "shape": [
                    8,
                    1,
                    1,
                    10
                ],
                "name": "dense_1_weights"
            }],
            "zeros": 0,
            "raw_fmt": "(FLOAT, 32 bit, C Size: 32 bits)",
            "c_mem_pool": "weights",
            "padded": true,
            "size": 80,
            "c_type": "const float",
            "name": "dense_1_weights_array",
            "c_id": 13,
            "c_bits": 32,
            "c_size_in_byte": 320
        },
        {
            "mem_pool": "weights",
            "offset": 448,
            "is_const": true,
            "format": "float32",
            "n_items": 10,
            "tensors": [{
                "shape": [
                    1,
                    1,
                    1,
                    10
                ],
                "name": "dense_1_bias"
            }],
            "zeros": 0,
            "raw_fmt": "(FLOAT, 32 bit, C Size: 32 bits)",
            "c_mem_pool": "weights",
            "padded": true,
            "size": 10,
            "c_type": "const float",
            "name": "dense_1_bias_array",
            "c_id": 14,
            "c_bits": 32,
            "c_size_in_byte": 40
        },
        {
            "mem_pool": "weights",
            "offset": 488,
            "is_const": true,
            "format": "float32",
            "n_items": 100,
            "tensors": [{
                "shape": [
                    10,
                    1,
                    1,
                    10
                ],
                "name": "dense_2_weights"
            }],
            "zeros": 0,
            "raw_fmt": "(FLOAT, 32 bit, C Size: 32 bits)",
            "c_mem_pool": "weights",
            "padded": true,
            "size": 100,
            "c_type": "const float",
            "name": "dense_2_weights_array",
            "c_id": 15,
            "c_bits": 32,
            "c_size_in_byte": 400
        },
        {
            "mem_pool": "weights",
            "offset": 888,
            "is_const": true,
            "format": "float32",
            "n_items": 10,
            "tensors": [{
                "shape": [
                    1,
                    1,
                    1,
                    10
                ],
                "name": "dense_2_bias"
            }],
            "zeros": 0,
            "raw_fmt": "(FLOAT, 32 bit, C Size: 32 bits)",
            "c_mem_pool": "weights",
            "padded": true,
            "size": 10,
            "c_type": "const float",
            "name": "dense_2_bias_array",
            "c_id": 16,
            "c_bits": 32,
            "c_size_in_byte": 40
        },
        {
            "mem_pool": "weights",
            "offset": 928,
            "is_const": true,
            "format": "float32",
            "n_items": 100,
            "tensors": [{
                "shape": [
                    10,
                    1,
                    1,
                    10
                ],
                "name": "dense_3_weights"
            }],
            "zeros": 0,
            "raw_fmt": "(FLOAT, 32 bit, C Size: 32 bits)",
            "c_mem_pool": "weights",
            "padded": true,
            "size": 100,
            "c_type": "const float",
            "name": "dense_3_weights_array",
            "c_id": 17,
            "c_bits": 32,
            "c_size_in_byte": 400
        },
        {
            "mem_pool": "weights",
            "offset": 1328,
            "is_const": true,
            "format": "float32",
            "n_items": 10,
            "tensors": [{
                "shape": [
                    1,
                    1,
                    1,
                    10
                ],
                "name": "dense_3_bias"
            }],
            "zeros": 0,
            "raw_fmt": "(FLOAT, 32 bit, C Size: 32 bits)",
            "c_mem_pool": "weights",
            "padded": true,
            "size": 10,
            "c_type": "const float",
            "name": "dense_3_bias_array",
            "c_id": 18,
            "c_bits": 32,
            "c_size_in_byte": 40
        },
        {
            "mem_pool": "weights",
            "offset": 1368,
            "is_const": true,
            "format": "float32",
            "n_items": 40,
            "tensors": [{
                "shape": [
                    10,
                    1,
                    1,
                    4
                ],
                "name": "dense_4_weights"
            }],
            "zeros": 0,
            "raw_fmt": "(FLOAT, 32 bit, C Size: 32 bits)",
            "c_mem_pool": "weights",
            "padded": true,
            "size": 40,
            "c_type": "const float",
            "name": "dense_4_weights_array",
            "c_id": 19,
            "c_bits": 32,
            "c_size_in_byte": 160
        },
        {
            "mem_pool": "weights",
            "offset": 1528,
            "is_const": true,
            "format": "float32",
            "n_items": 4,
            "tensors": [{
                "shape": [
                    1,
                    1,
                    1,
                    4
                ],
                "name": "dense_4_bias"
            }],
            "zeros": 0,
            "raw_fmt": "(FLOAT, 32 bit, C Size: 32 bits)",
            "c_mem_pool": "weights",
            "padded": true,
            "size": 4,
            "c_type": "const float",
            "name": "dense_4_bias_array",
            "c_id": 20,
            "c_bits": 32,
            "c_size_in_byte": 16
        }
    ],
    "c_activations_count": 1,
    "date_time": "Sat Aug 12 14:36:54 2023",
    "model_name": "rpy_mpu",
    "tool_version": {
        "major": 1,
        "minor": 7,
        "micro": 0
    },
    "c_intq_n": 0,
    "stm_ai_version": {
        "major": 8,
        "minor": 0,
        "micro": 0,
        "extra": "19389"
    },
    "model_fmt": "float",
    "c_weights_count": 1,
    "weights": {"weights_array": {
        "buffer_data_size": 1544,
        "buffer_crc": 0,
        "pool_size": 1544,
        "buffer_c_type": "u64",
        "buffer_c_name": "s_network_1691831150731_weights_array_u64",
        "buffer_offsets": [
            {
                "lite_tag": null,
                "offset": 0,
                "size": 96,
                "start_offset": 0,
                "buffer_name": "dense_0_weights_array"
            },
            {
                "lite_tag": null,
                "offset": 96,
                "size": 32,
                "start_offset": 96,
                "buffer_name": "dense_0_bias_array"
            },
            {
                "lite_tag": null,
                "offset": 128,
                "size": 320,
                "start_offset": 128,
                "buffer_name": "dense_1_weights_array"
            },
            {
                "lite_tag": null,
                "offset": 448,
                "size": 40,
                "start_offset": 448,
                "buffer_name": "dense_1_bias_array"
            },
            {
                "lite_tag": null,
                "offset": 488,
                "size": 400,
                "start_offset": 488,
                "buffer_name": "dense_2_weights_array"
            },
            {
                "lite_tag": null,
                "offset": 888,
                "size": 40,
                "start_offset": 888,
                "buffer_name": "dense_2_bias_array"
            },
            {
                "lite_tag": null,
                "offset": 928,
                "size": 400,
                "start_offset": 928,
                "buffer_name": "dense_3_weights_array"
            },
            {
                "lite_tag": null,
                "offset": 1328,
                "size": 40,
                "start_offset": 1328,
                "buffer_name": "dense_3_bias_array"
            },
            {
                "lite_tag": null,
                "offset": 1368,
                "size": 160,
                "start_offset": 1368,
                "buffer_name": "dense_4_weights_array"
            },
            {
                "lite_tag": null,
                "offset": 1528,
                "size": 16,
                "start_offset": 1528,
                "buffer_name": "dense_4_bias_array"
            }
        ],
        "buffer_c_name_addr": "s_network_1691831150731_weights_array_u64",
        "buffer_c_count": 193,
        "pool_id": 0,
        "buffer_c_data": []
    }},
    "memory_footprint": {
        "kernel_ram": 2976,
        "kernel_flash": 11990,
        "io": [
            0,
            0
        ],
        "series": "generic",
        "activations": 80,
        "weights": 1544
    },
    "version": "1.2",
    "tool_api_version": {
        "major": 1,
        "minor": 5,
        "micro": 0
    },
    "model_signature": "2e228f3661edb715db39acbd669fe4ee",
    "params_alignment": 4,
    "activations": {"heap_overlay_pool": {
        "buffer_data_size": 0,
        "pool_size": 80,
        "buffer_c_name": "NULL",
        "buffer_offsets": [
            {
                "lite_tag": null,
                "offset": 28,
                "size": 12,
                "start_offset": 28,
                "buffer_name": "serving_default_dense_input0_output_array"
            },
            {
                "lite_tag": null,
                "offset": 40,
                "size": 32,
                "start_offset": 40,
                "buffer_name": "dense_0_output_array"
            },
            {
                "lite_tag": null,
                "offset": 40,
                "size": 32,
                "start_offset": 40,
                "buffer_name": "nl_0_nl_output_array"
            },
            {
                "lite_tag": null,
                "offset": 0,
                "size": 40,
                "start_offset": 0,
                "buffer_name": "dense_1_output_array"
            },
            {
                "lite_tag": null,
                "offset": 0,
                "size": 40,
                "start_offset": 0,
                "buffer_name": "nl_1_nl_output_array"
            },
            {
                "lite_tag": null,
                "offset": 40,
                "size": 40,
                "start_offset": 40,
                "buffer_name": "dense_2_output_array"
            },
            {
                "lite_tag": null,
                "offset": 0,
                "size": 40,
                "start_offset": 0,
                "buffer_name": "nl_2_nl_output_array"
            },
            {
                "lite_tag": null,
                "offset": 40,
                "size": 40,
                "start_offset": 40,
                "buffer_name": "dense_3_output_array"
            },
            {
                "lite_tag": null,
                "offset": 0,
                "size": 40,
                "start_offset": 0,
                "buffer_name": "nl_3_nl_output_array"
            },
            {
                "lite_tag": null,
                "offset": 40,
                "size": 16,
                "start_offset": 40,
                "buffer_name": "dense_4_output_array"
            },
            {
                "lite_tag": null,
                "offset": 0,
                "size": 16,
                "start_offset": 0,
                "buffer_name": "nl_5_output_array"
            }
        ],
        "buffer_c_name_addr": "NULL",
        "pool_id": 0
    }},
    "c_arrays_n": 21,
    "c_name": "network_1691831150731",
    "memory_pools": []
}